哎	āi
唉	ài
爱护	àihù
爱惜	àixī
爱心	àixīn
安慰	ānwèi
安装	ānzhuāng
岸	àn
暗	àn
熬夜	áoyè
摆	bǎi
傍晚	bàngwǎn
包裹	bāoguǒ
包含	bāohán
包括	bāokuò
薄	báo
宝贝	bǎobèi
宝贵	bǎoguì
保持	bǎochí
保存	bǎocún
保留	bǎoliú
保险	bǎoxiǎn
报道	bàodào
报告	bàogào
报社	bàoshè
抱怨	bàoyuàn
背	bēi
悲观	bēiguān
背景	bèijǐng
被子	bèizi
本科	běnkē
本领	běnlǐng
本质	běnzhì
彼此	bǐcǐ
必然	bìrán
必要	bìyào
毕竟	bìjìng
避免	bìmiǎn
编辑	biānjí
鞭炮	biānpào
便	biàn, pián
辩论	biànlùn
标志	biāozhì
表达	biǎodá
表面	biǎomiàn
表明	biǎomíng
表情	biǎoqíng
表现	biǎoxiàn
冰激凌	bīngjīlíng
病毒	bìngdú
玻璃	bōli
播放	bōfàng
脖子	bózi
博物馆	bówùguǎn
补充	bǔchōng
不安	bù'ān
不得了	bùdéliǎo
不断	búduàn
不见得	bújiàndé
不耐烦	búnàifán
不然	bùrán
不如	bùrú
不要紧	bú yàojǐn
不足	bùzú
布	bù
步骤	bùzhòu
财产	cáichǎn
采访	cǎifǎng
采取	cǎiqǔ
彩虹	cǎihóng
踩	cǎi
参考	cānkǎo
参与	cānyù
惭愧	cánkuì
操场	cāochǎng
操心	cāo xīn
册	cè
测验	cèyàn
曾经	céngjīng
叉子	chāzi
插	chā
拆	chāi
产品	chǎnpǐn
产生	chǎnshēng
长途	chángtú
常识	chángshí
抄	chāo
超级	chāojí
朝	cháo
潮湿	cháoshī
吵	chǎo
吵架	chǎo jià
炒	chǎo
车库	chēkù
车厢	chēxiāng
彻底	chèdǐ
沉默	chénmò
趁	chèn
称	chēng
称呼	chēnghu
称赞	chēngzàn
成分	chéngfèn
成果	chéngguǒ
成就	chéngjiù
成立	chénglì
成人	chéngrén
成熟	chéngshú
成语	chéngyǔ
成长	chéngzhǎng
诚恳	chéngkěn
承担	chéngdān
承认	chéngrèn
程度	chéngdù
程序	chéngxù
吃亏	chīkuī
池塘	chítáng
迟早	chízǎo
持续	chíxù
尺子	chǐzi
翅膀	chìbǎng
冲	chōng
充电器	chōngdiànqì
充分	chōngfèn
充满	chōngmǎn
重复	chóngfù
宠物	chǒngwù
抽屉	chōuti
抽象	chōuxiàng
丑	chǒu
臭	chòu
出版	chūbǎn
出口	chūkǒu
出色	chūsè
出示	chūshì
出席	chūxí
初级	chūjí
除非	chúfēi
除夕	chúxī
处理	chǔlǐ
传播	chuánbō
传染	chuánrǎn
传说	chuánshuō
传统	chuántǒng
窗帘	chuānglián
闯	chuǎng
创造	chuàngzào
吹	chuī
此外	cǐwài
次要	cìyào
刺激	cìjī
匆忙	cōngmáng
从此	cóngcǐ
从而	cóng'ér
从前	cóngqián
从事	cóngshì
粗糙	cūcāo
促进	cùjìn
促使	cùshǐ
醋	cù
催	cuī
存在	cúnzài
措施	cuòshī
答应	dāying
达到	dá dào
打工	dǎgōng
打交道	dǎ jiāodao
打喷嚏	dǎpēntì
打听	dǎting
大方	dàfang
大厦	dàshà
大象	dàxiàng
大型	dàxíng
呆	dāi
代表	dàibiǎo
代替	dàitì
贷款	dài kuǎn
担任	dānrèn
单纯	dānchún
单调	dāndiào
单独	dāndú
单元	dānyuán
耽误	dānwu
胆小鬼	dǎnxiǎoguǐ
淡	dàn
当地	dāngdì
当心	dāngxīn
挡	dǎng
导演	dǎoyǎn
导致	dǎozhì
岛屿	dǎoyǔ
倒霉	dǎoméi
到达	dàodá
道德	dàodé
道理	dàolǐ
等待	děngdài
等于	děngyú
滴	dī
的确	díquè
敌人	dírén
地道	dìdao
地理	dìlǐ
地区	dìqū
地毯	dìtǎn
地位	dìwèi
地震	dìzhèn
递	dì
点心	diǎnxin
电池	diànchí
电台	diàntái
钓	diào
顶	dǐng
动画片	dònghuàpiàn
冻	dòng
洞	dòng
豆腐	dòufu
逗	dòu
独立	dúlì
独特	dútè
度过	dùguò
断	duàn
堆	duī
对比	duìbǐ
对待	duìdài
对方	duìfāng
对手	duìshǒu
对象	duìxiàng
兑换	duìhuàn
吨	dūn
蹲	dūn
顿	dùn
多亏	duōkuī
多余	duōyú
朵	duǒ
躲藏	duǒcáng
恶劣	èliè
耳环	ěrhuán
发表	fābiǎo
发愁	fā chóu
发达	fādá
发抖	fādǒu
发挥	fāhuī
发明	fāmíng
发言	fāyán
罚款	fákuǎn
法院	fǎyuàn
翻	fān
繁荣	fánróng
反而	fǎn'ér
反复	fǎnfù
反应	fǎnyìng
反映	fǎnyìng
反正	fǎnzhèng
范围	fànwéi
方	fāng
方案	fāng'àn
方式	fāngshì
妨碍	fáng'ài
仿佛	fǎngfú
非	fēi
肥皂	féizào
废话	fèihuà
分别	fēnbié
分布	fēnbù
分手	fēnshǒu
分析	fēnxī
纷纷	fēnfēn
奋斗	fèndòu
风格	fēnggé
风景	fēngjǐng
风俗	fēngsú
风险	fēngxiǎn
疯狂	fēngkuáng
讽刺	fěngcì
否定	fǒudìng
否认	fǒurèn
扶	fú
服装	fúzhuāng
幅	fú
辅导	fǔdǎo
妇女	fùnǚ
复制	fùzhì
改革	gǎigé
改正	gǎizhèng
盖	gài
概念	gàiniàn
干脆	gāncuì
干燥	gānzào
赶紧	gǎnjǐn
赶快	gǎnkuài
感激	gǎnjī
感受	gǎnshòu
感想	gǎnxiǎng
干活儿	gàn huór
钢铁	gāngtiě
高档	gāodàng
高级	gāojí
搞	gǎo
告别	gàobié
格外	géwài
隔壁	gébì
个别	gèbié
个人	gèrén
个性	gèxìng
各自	gèzì
根	gēn
根本	gēnběn
工厂	gōngchǎng
工程师	gōngchéngshī
工具	gōngjù
工人	gōngrén
工业	gōngyè
公布	gōngbù
公开	gōngkāi
公寓	gōngyù
公元	gōngyuán
公主	gōngzhǔ
功能	gōngnéng
恭喜	gōngxǐ
贡献	gòngxiàn
构成	gòuchéng
姑姑	gūgu
姑娘	gūniang
古代	gǔdài
古典	gǔdiǎn
股票	gǔpiào
骨头	gǔtou
鼓舞	gǔwǔ
鼓掌	gǔ zhǎng
挂号	guà hào
乖	guāi
拐弯	guǎi wān
怪不得	guài bu de
关闭	guānbì
观察	guānchá
观点	guāndiǎn
观念	guānniàn
官	guān
管子	guǎnzi
冠军	guànjūn
光滑	guānghuá
光临	guānglín
光明	guāngmíng
光盘	guāngpán
广场	guǎngchǎng
广大	guǎngdà
广泛	guǎngfàn
规矩	guīju
规律	guīlǜ
规模	guīmó
规则	guīzé
柜台	guìtái
滚	gǔn
锅	guō
国庆节	Guóqìng Jié
国王	guówáng
果然	guǒrán
果实	guǒshí
过分	guòfèn
过敏	guòmǐn
过期	guòqī
哈	hā
海关	hǎiguān
海鲜	hǎixiān
喊	hǎn
行业	hángyè
豪华	háohuá
好客	hàokè
好奇	hàoqí
合法	héfǎ
合理	hélǐ
合同	hétong
合影	héyǐng
合作	hézuò
何必	hébì
何况	hékuàng
和平	hépíng
核心	héxīn
恨	hèn
猴子	hóuzi
后背	hòubèi
后果	hòuguǒ
呼吸	hūxī
忽然	hūrán
忽视	hūshì
胡说	húshuō
胡同	hútòng
壶	hú
蝴蝶	húdié
糊涂	hútu
花生	huāshēng
划	huà, huá
华裔	Huáyì
滑	huá
化学	huàxué
话题	huàtí
怀念	huáiniàn
怀孕	huáiyùn
缓解	huǎnjiě
幻想	huànxiǎng
慌张	huāngzhāng
黄金	huángjīn
灰	huī
灰尘	huīchén
灰心	huī xīn
挥	huī
恢复	huīfù
婚礼	hūnlǐ
婚姻	hūnyīn
活跃	huóyuè
火柴	huǒchái
伙伴	huǒbàn
或许	huòxǔ
机器	jīqì
肌肉	jīròu
基本	jīběn
激烈	jīliè
及格	jí gé
极其	jíqí
急忙	jímáng
急诊	jízhěn
集合	jíhé
集中	jízhōng
计算	jìsuàn
记录	jìlù
记忆	jìyì
纪录	jìlù
纪念	jìniàn
系领带	jìlǐngdài
寂寞	jìmò
夹子	jiāzi
家庭	jiātíng
家务	jiāwù
家乡	jiāxiāng
嘉宾	jiābīn
甲	jiǎ
假如	jiǎrú
假装	jiǎzhuāng
价值	jiàzhí
驾驶	jiàshǐ
嫁	jià
坚决	jiānjué
坚强	jiānqiáng
肩膀	jiānbǎng
艰巨	jiānjù
兼职	jiānzhí
捡	jiǎn
剪刀	jiǎndāo
简直	jiǎnzhí
建立	jiànlì
建设	jiànshè
建筑	jiànzhù
健身	jiànshēn
键盘	jiànpán
讲究	jiǎngjiu
讲座	jiǎngzuò
酱油	jiàngyóu
交换	jiāohuàn
交际	jiāojì
交往	jiāowǎng
浇	jiāo
胶水	jiāoshuǐ
角度	jiǎodù
狡猾	jiǎohuá
教材	jiàocái
教练	jiàoliàn
教训	jiàoxun
阶段	jiēduàn
结实	jiēshi
接触	jiēchù
接待	jiēdài
接近	jiējìn
节省	jiéshěng
结构	jiégòu
结合	jiéhé
结账	jiézhàng
戒	jiè
戒指	jièzhi
届	jiè
借口	jièkǒu
金属	jīnshǔ
尽快	jǐnkuài
尽量	jǐnliàng
紧急	jǐnjí
谨慎	jǐnshèn
尽力	jìn lì
进步	jìnbù
进口	jìn kǒu
近代	jìndài
经典	jīngdiǎn
经商	jīng shāng
经营	jīngyíng
精力	jīnglì
精神	jīngshen
酒吧	jiǔbā
救	jiù
救护车	jiùhùchē
舅舅	jiùjiu
居然	jūrán
桔子	júzi
巨大	jùdà
具备	jùbèi
具体	jùtǐ
俱乐部	jùlèbù
据说	jùshuō
捐	juān
决赛	juésài
决心	juéxīn
角色	juésè
绝对	juéduì
军事	jūnshì
均匀	jūnyún
卡车	kǎchē
开发	kāifā
开放	kāifàng
开幕式	kāimùshì
开水	kāishuǐ
砍	kǎn
看不起	kàn bu qǐ
看望	kànwàng
靠	kào
颗	kē
可见	kějiàn
可靠	kěkào
可怕	kěpà
克	kè
克服	kèfú
刻苦	kèkǔ
客观	kèguān
空间	kōngjiān
空闲	kòngxián
控制	kòngzhì
口味	kǒuwèi
夸	kuā
夸张	kuāzhāng
会计	kuàijì
宽	kuān
昆虫	kūnchóng
扩大	kuòdà
辣椒	làjiāo
拦	lán
烂	làn
朗读	lǎngdú
劳动	láodòng
劳驾	láo jià
老百姓	lǎobǎixìng
老板	lǎobǎn
老婆	lǎopó
老实	lǎoshi
老鼠	lǎoshǔ
姥姥	lǎolao
乐观	lèguān
雷	léi
类型	lèixíng
冷淡	lěngdàn
厘米	límǐ
离婚	lí hūn
梨	lí
理论	lǐlùn
理由	lǐyóu
力量	lìliang
立即	lìjí
立刻	lìkè
利润	lìrùn
利息	lìxī
利益	lìyì
利用	lìyòng
连忙	liánmáng
连续	liánxù
联合	liánhé
恋爱	liàn'ài
良好	liánghǎo
粮食	liángshi
亮	liàng
了不起	liǎobuqǐ
列车	lièchē
临时	línshí
铃	líng
零件	língjiàn
零食	língshí
领导	lǐngdǎo
领域	lǐngyù
流传	liúchuán
流泪	liúlèi
龙	lóng
漏	lòu
陆地	lùdì
陆续	lùxù
录取	lùqǔ
轮流	lúnliú
论文	lùnwén
逻辑	luóji
落后	luòhòu
骂	mà
麦克风	màikèfēng
馒头	mántou
满足	mǎnzú
毛病	máobìng
冒险	màoxiǎn
贸易	màoyì
眉毛	méimao
媒体	méitǐ
煤炭	méitàn
美术	měishù
魅力	mèilì
梦想	mèngxiǎng
秘密	mìmì
秘书	mìshu
密切	mìqiè
蜜蜂	mìfēng
面对	miànduì
面积	miànjī
面临	miànlín
苗条	miáotiao
描写	miáoxiě
敏感	mǐngǎn
名牌	míngpái
名片	míngpiàn
名胜古迹	míngshènggǔjì
明确	míngquè
明显	míngxiǎn
明星	míngxīng
命令	mìnglìng
命运	mìngyùn
摸	mō
模仿	mófǎng
模糊	móhu
模特	mótè
摩托车	mótuōchē
陌生	mòshēng
某	mǒu
木头	mùtou
目录	mùlù
目前	mùqián
哪怕	nǎpà
难怪	nánguài
难免	nánmiǎn
脑袋	nǎodai
内部	nèibù
内科	nèikē
嫩	nèn
能干	nénggàn
能源	néngyuán
嗯	ēn
年代	niándài
年纪	niánjì
念	niàn
宁可	nìngkě
牛仔裤	niúzǎikù
农村	nóngcūn
农民	nóngmín
农业	nóngyè
浓	nóng
女士	nǚshì
欧洲	Ōuzhōu
偶然	ǒurán
拍	pāi
派	pài
盼望	pànwàng
培养	péiyǎng
佩服	pèifu
配合	pèihé
盆	pén
碰	pèng
批	pī
批准	pīzhǔn
披	pī
疲劳	píláo
匹	pǐ
片	piàn, piān
片面	piànmiàn
飘	piāo
拼音	pīnyīn
频道	píndào
平	píng
平安	píng'ān
平常	píngcháng
平等	píngděng
平方	píngfāng
平衡	pínghéng
平静	píngjìng
平均	píngjūn
评价	píngjià
凭	píng
迫切	pòqiè
破产	pò chǎn
破坏	pòhuài
期待	qīdài
期间	qījiān
其余	qíyú
奇迹	qíjì
企业	qǐyè
启发	qǐfā
气氛	qìfēn
汽油	qìyóu
谦虚	qiānxū
签	qiān
前途	qiántú
浅	qiǎn
欠	qiàn
枪	qiāng
强调	qiángdiào
强烈	qiángliè
墙	qiáng
抢	qiǎng, qiāng
悄悄	qiāoqiāo
瞧	qiáo
巧妙	qiǎomiào
切	qiē, qiè
亲爱	qīn'ài
亲切	qīnqiè
亲自	qīnzì
勤奋	qínfèn
青	qīng
青春	qīngchūn
青少年	qīngshàonián
轻视	qīngshì
轻易	qīngyì
清淡	qīngdàn
情景	qíngjǐng
情绪	qíngxù
请求	qǐngqiú
庆祝	qìngzhù
球迷	qiúmí
取消	qǔxiāo
娶	qǔ
去世	qùshì
圈	quān
权力	quánlì
权利	quánlì
全面	quánmiàn
劝	quàn
缺乏	quēfá
确定	quèdìng
确认	quèrèn
群	qún
燃烧	ránshāo
绕	rào
热爱	rè'ài
热烈	rèliè
热心	rèxīn
人口	rénkǒu
人类	rénlèi
人民币	rénmínbì
人生	rénshēng
人事	rénshì
人物	rénwù
忍不住	rěn bu zhù
日常	rìcháng
日程	rìchéng
日历	rìlì
日期	rìqī
日用品	rìyòngpǐn
日子	rìzi
如何	rúhé
如今	rújīn
软	ruǎn
软件	ruǎnjiàn
弱	ruò
洒	sǎ
嗓子	sǎngzi
色彩	sècǎi
杀	shā
沙漠	shāmò
沙滩	shātān
傻	shǎ
晒	shài
删除	shānchú
闪电	shǎndiàn
扇子	shànzi
善良	shànliáng
善于	shànyú
伤害	shānghài
商品	shāngpǐn
商务	shāngwù
商业	shāngyè
上当	shàng dàng
蛇	shé
舍不得	shěbude
设备	shèbèi
设计	shèjì
设施	shèshī
射击	shèjī
摄影	shè yǐng
伸	shēn
身材	shēncái
身份	shēnfèn
深刻	shēnkè
神话	shénhuà
神秘	shénmì
升	shēng
生产	shēngchǎn
生动	shēngdòng
生长	shēngzhǎng
声调	shēngdiào
绳子	shéngzi
省略	shěnglüè
胜利	shènglì
失眠	shīmián
失去	shīqù
失业	shī yè
诗	shī
狮子	shīzi
湿润	shīrùn
石头	shítou
时代	shídài
时刻	shíkè
时髦	shímáo
时期	shíqī
时尚	shíshàng
实话	shíhuà
实践	shíjiàn
实习	shíxí
实现	shíxiàn
实验	shíyàn
实用	shíyòng
食物	shíwù
使劲儿	shǐjìnr
始终	shǐzhōng
士兵	shìbīng
市场	shìchǎng
似的	shìde
事实	shìshí
事物	shìwù
事先	shìxiān
试卷	shìjuàn
收获	shōuhuò
收据	shōujù
手工	shǒugōng
手术	shǒushù
手套	shǒutào
手指	shǒuzhǐ
首	shǒu
寿命	shòumìng
受伤	shòu shāng
书架	shūjià
梳子	shūzi
舒适	shūshì
输入	shūrù
蔬菜	shūcài
熟练	shúliàn
属于	shǔyú
鼠标	shǔ biāo
数	shù, shǔ
数码	shùmǎ
摔倒	shuāidǎo
甩	shuǎi
双方	shuāngfāng
税	shuì
说不定	shuōbudìng
说服	shuō fú
丝绸	sīchóu
丝毫	sīháo
私人	sīrén
思考	sīkǎo
思想	sīxiǎng
撕	sī
似乎	sìhū
搜索	sōusuǒ
随身	suíshēn
随时	suíshí
随手	suíshǒu
碎	suì
损失	sǔnshī
缩短	suōduǎn
所	suǒ
锁	suǒ
台阶	táijiē
太极拳	tàijíquán
太太	tàitai
烫	tàng
逃	táo
逃避	táobì
桃	táo
淘气	táoqì
讨价还价	tǎo jià huán jià
套	tào
特色	tèsè
特殊	tèshū
特征	tèzhēng
疼爱	téng ài
提倡	tíchàng
提纲	tígāng
提问	tíwèn
题目	tímù
体会	tǐhuì
体贴	tǐtiē
体现	tǐxiàn
体验	tǐyàn
天空	tiānkōng
天真	tiānzhēn
调皮	tiáopí
调整	tiáozhěng
挑战	tiǎozhàn
通常	tōngcháng
痛苦	tòngkǔ
痛快	tòngkuai
偷	tōu
投入	tóurù
投资	tóu zī
突出	tūchū
土地	tǔdì
土豆	tǔdòu
吐	tǔ, tù
兔子	tùzi
团	tuán
推辞	tuīcí
推广	tuīguǎng
推荐	tuījiàn
退	tuì
退步	tuìbù
歪	wāi
外公	wàigōng
外交	wàijiāo
完美	wánměi
完善	wánshàn
完整	wánzhěng
玩具	wánjù
万一	wànyī
王子	wángzǐ
网络	wǎngluò
往返	wǎngfǎn
危害	wēihài
威胁	wēixié
微笑	wēixiào
违反	wéifǎn
围巾	wéijīn
围绕	wéirào
唯一	wéiyī
维修	wéixiū
伟大	wěidà
尾巴	wěiba
委屈	wěiqu
未必	wèibì
未来	wèilái
位于	wèiyú
位置	wèizhi
胃	wèi
胃口	wèikǒu
温暖	wēnnuǎn
温柔	wēnróu
文件	wénjiàn
文具	wénjù
文明	wénmíng
文学	wénxué
文字	wénzì
闻	wén
吻	wěn
问候	wènhòu
卧室	wòshì
握手	wò shǒu
屋子	wūzi
无数	wúshù
无所谓	wúsuǒwèi
武术	wǔshù
勿	wù
物理	wùlǐ
物质	wùzhì
雾	wù
吸取	xīqǔ
吸收	xīshōu
戏剧	xìjù
系	xì, jì
瞎	xiā
下载	xiàzǎi
吓	xià
夏令营	xiàlìngyíng
鲜艳	xiānyàn
显得	xiǎnde
显然	xiǎnrán
显示	xiǎnshì
县	xiàn
现代	xiàndài
现实	xiànshí
现象	xiànxiàng
限制	xiànzhì
相处	xiāngchǔ
相当	xiāngdāng
相对	xiāngduì
相关	xiāngguān
相似	xiāngsì
香肠	xiāngcháng
享受	xiǎngshòu
想念	xiǎngniàn
想象	xiǎngxiàng
项	xiàng
项链	xiàngliàn
项目	xiàngmù
象棋	xiàngqí
象征	xiàngzhēng
消费	xiāofèi
消化	xiāohuà
消极	xiāojí
消失	xiāoshī
销售	xiāoshòu
小麦	xiǎomài
小气	xiǎoqì
孝顺	xiàoshùn
歇	xiē
斜	xié
写作	xiězuò
血	xuè
心理	xīnlǐ
心脏	xīnzàng
欣赏	xīnshǎng
信任	xìnrèn
行动	xíngdòng
行人	xíngrén
行为	xíngwéi
形成	xíngchéng
形容	xíngróng
形式	xíngshì
形势	xíngshì
形象	xíngxiàng
形状	xíngzhuàng
幸亏	xìngkuī
幸运	xìngyùn
性质	xìngzhì
兄弟	xiōngdì
胸	xiōng
休闲	xiūxián
修改	xiūgǎi
虚心	xūxīn
叙述	xùshù
宣传	xuānchuán
学术	xuéshù
学问	xuéwen
寻找	xúnzhǎo
询问	xúnwèn
训练	xùnliàn
迅速	xùnsù
押金	yājīn
牙齿	yáchǐ
延长	yáncháng
严肃	yánsù
演讲	yǎnjiǎng
宴会	yànhuì
阳台	yángtái
痒	yǎng
样式	yàngshì
腰	yāo
摇	yáo
咬	yǎo
要不	yàobù
业务	yèwù
业余	yèyú
夜	yè
一辈子	yíbèizi
一旦	yídàn
一律	yílǜ
一再	yízài
一致	yízhì
依然	yīrán
移动	yídòng
移民	yímín
疑问	yíwèn
乙	yǐ
以及	yǐjí
以来	yǐlái
亿	yì
义务	yìwù
议论	yìlùn
意外	yìwài
意义	yìyì
因而	yīn'ér
银	yín
印刷	yìnshuā
英俊	yīngjùn
英雄	yīngxióng
迎接	yíngjiē
营养	yíngyǎng
营业	yíngyè
影子	yǐngzi
应付	yìngfu
应用	yìngyòng
硬	yìng
硬件	yìngjiàn
拥抱	yōngbào
拥挤	yōngjǐ
勇气	yǒngqì
用功	yòng gōng
用途	yòngtú
优惠	yōuhuì
优美	yōuměi
优势	yōushì
悠久	yōujiǔ
犹豫	yóuyù
油炸	yóuzhá
游览	yóulǎn
有利	yǒulì
幼儿园	yòu'éryuán
娱乐	yúlè
与其	yǔqí
语气	yǔqì
玉米	yùmǐ
预报	yùbào
预防	yùfáng
元旦	yuándàn
员工	yuángōng
原料	yuánliào
原则	yuánzé
圆	yuán
愿望	yuànwàng
乐器	yuèqì
晕	yūn
运气	yùnqi
运输	yùnshū
运用	yùnyòng
灾害	zāihài
再三	zàisān
在乎	zàihu
在于	zàiyú
赞成	zànchéng
赞美	zànměi
糟糕	zāogāo
造成	zàochéng
则	zé
责备	zébèi
摘	zhāi
窄	zhǎi
粘贴	zhāntiē
展开	zhǎn kāi
展览	zhǎnlǎn
占	zhàn
战争	zhànzhēng
长辈	zhǎngbèi
涨	zhǎng, zhàng
掌握	zhǎngwò
账户	zhànghù
招待	zhāodài
着火	zháohuǒ
着凉	zháo liáng
召开	zhàokāi
照常	zhàocháng
哲学	zhéxué
针对	zhēnduì
珍惜	zhēnxī
真实	zhēnshí
阵	zhèn
振动	zhèndòng
争论	zhēnglùn
争取	zhēngqǔ
征求	zhēngqiú
睁	zhēng
整个	zhěnggè
整齐	zhěngqí
整体	zhěngtǐ
正	zhèng
证件	zhèngjiàn
政府	zhèngfǔ
政治	zhèngzhì
挣	zhèng, zhēng
支	zhī
支票	zhīpiào
执照	zhízhào
直	zhí
指导	zhǐdǎo
指挥	zhǐhuī
至今	zhì jīn
至于	zhìyú
志愿者	zhìyuànzhě
制定	zhìdìng
制造	zhìzào
制作	zhìzuò
秩序	zhìxù
智慧	zhìhuì
中介	zhōngjiè
中心	zhōngxīn
中旬	zhōngxún
种类	zhǒnglèi
重大	zhòngdà
重量	zhòngliàng
周到	zhōudào
猪	zhū
竹子	zhúzi
逐步	zhúbù
逐渐	zhújiàn
主动	zhǔdòng
主观	zhǔguān
主人	zhǔrén
主任	zhǔrèn
主题	zhǔtí
主席	zhǔxí
主张	zhǔzhāng
煮	zhǔ
注册	zhùcè
祝福	zhùfú
抓	zhuā
抓紧	zhuā jǐn
专心	zhuānxīn
转变	zhuǎnbiàn
转告	zhuǎngào
装	zhuāng
装饰	zhuāngshì
装修	zhuāngxiū
状况	zhuàngkuàng
状态	zhuàngtài
撞	zhuàng
追	zhuī
追求	zhuīqiú
姿势	zīshì
资金	zījīn
资料	zīliào
资源	zīyuán
紫	zǐ
自从	zìcóng
自动	zìdòng
自豪	zìháo
自觉	zìjué
自私	zìsī
自由	zìyóu
自愿	zìyuàn
字母	zìmǔ
字幕	zìmù
综合	zōnghé
总裁	zǒngcái
总共	zǒnggòng
总理	zǒnglǐ
总算	zǒngsuàn
总统	zǒngtǒng
总之	zǒngzhī
阻止	zǔzhǐ
组	zǔ
组成	zǔchéng
组合	zǔhé
组织	zǔzhī
最初	zuìchū
醉	zuì
尊敬	zūnjìng
作品	zuòpǐn
作为	zuòwéi
作文	zuò wén
